Residue,Chain,RMSF
LEU42,A_1,4.42788
SER43,A_1,3.99194
ASP44,A_1,3.29677
GLU45,A_1,3.92418
ASP46,A_1,2.50503
PHE47,A_1,1.97704
LYS48,A_1,2.15431
ALA49,A_1,1.85766
VAL50,A_1,1.40639
PHE51,A_1,2.15671
GLY52,A_1,1.42902
MET53,A_1,1.70188
THR54,A_1,2.7612
ARG55,A_1,2.61471
SER56,A_1,2.96501
ALA57,A_1,1.98204
PHE58,A_1,1.3016
ALA59,A_1,1.79731
ASN60,A_1,1.50537
LEU61,A_1,0.964257
PRO62,A_1,1.1262
LEU63,A_1,2.01488
TRP64,A_1,1.77976
LYS65,A_1,1.10566
GLN66,A_1,1.17975
GLN67,A_1,1.63932
HIS68,A_1,1.37042
LEU69,A_1,0.65599
LYS70,A_1,1.02954
LYS71,A_1,1.65893
GLU72,A_1,1.73289
LYS73,A_1,1.78059
GLY74,A_1,1.88019
LEU75,A_1,1.90772
PHE76,A_1,2.55613
SO477,A_2,27.2471
ACT80,A_2,11.385
